videoid,uploader,age,category,length,use,rate,rating,comments,related_id
y5kwKp6y8t4,TheReceptionist,713,Entertainment,204,2137,3.83,70,64,PFZMlw4rHs
oHknurFKx64,TheReceptionist,616,Entertainment,53,11056,4.3,81,47,C2FZX1ivWnM
LpCCsPergb4,sneakypetefootvids,688,People,34,5327,4.25,17449,452,C2VZX6ivWnA
qF2v6mW9J2k,jresch,632,Comedy,192,367,3.77,4,0,y5kwKp6y8t4
vcVYexixsmA,BudSuperBowlXLI,717,Comedy,30,809324,1.11,1092,141,4JXPZapLVVw
LZi2ryWsShY,lovejoy71,433,People,34,5327,3.5,47234,494,7JXKVapLVTS
iO8qKGBL9vY,HIFF26,617,Entertainment,526,180,4.06,1,0,QpHksBZc4C0
sV0E-cRjVSQ,Yuki869,504,People,34,5327,4.71,33738,47,QgHLsBZc8C1
OPmYbP0F4Zw,rockwoodcomic,561,Music,183,892595,4.92,1517,699,LJglk7i8do8Tj
zdnuTg9K5XU,p1634hou90,418,Sports,201,38297,4.47,86,51,0zbpY3ny2TA
UnfbKKvUG9Q,gerik308,573,Sports,26,12897,5,17,25,LZi2ryWsShY
t7Y8yKNGEo8,philleif,428,Entertainment,90,2480,4.67,1,0,QLz6U1FqviM
Yph6sRK0vog,DamitaJo79,716,Comedy,183,1956,4.56,6,2,OPmYbP0F4Zw
wDQUKSLEEvE,Gentleman1911,522,Music,285,5140,4.68,9,8,BsPZQ8xIaDA
GQbGA_QSXDU,thairakthai,453,People,34,5327,4.02,87,0,YePZQ5xIaPK
qR8WRLrO2aQ,mienge,406,People,34,5327,2.6,2788,5,BsEJF8xIaDA
goQu8PksNn0,dhanji,602,People,34,5327,4.34,7305,455,PnPZQ7dvcA
0vdG-FwpulQ,TheReceptionist,650,Entertainment,187,199523,4.83,1249,563,Nds16trjIGo
luWqWuBIQ50,TheReceptionist,664,Entertainment,291,4015,2.41,161,169,AeQiei1jsJc
Nds16trjIGo,rontv,618,Entertainment,97,3777,1.7,27,28,0vdG-FwpulQ
_th07YE0cmQ,ODonCody,655,Entertainment,38,3641,3.04,40,99,9vlSFTwpulQ
v5F9RtVqP4Q,Piety,655,Entertainment,4,3482,4,26,31,7vdGFjskmlQ
O9TQb3mBDME,lnelson,550,Entertainment,80,2786,3,6,9,y-mxGyedX1Y
ati2fDMaggA,clicheba,648,Comedy,49,248,5,2,0,olBoTntMiGk
e8p2ecFw8Qk,stavi7,618,Comedy,402,203,3.45,3,2,wxu5EUpsANY
lWuzJpwYg0s,chrizzz,543,Comedy,42,2721,0,11,11,opu6TUpsOUY
dtHCZV0Cgdo,hannahsophilotti,721,Comedy,77,348,4.7,0,1,y5kwKp6y8t4
IM8cEafvq0I,TheReceptionist,727,Entertainment,143,2678,4.46,137,101,aD6C0Sdahw8
wxu5EUpsANY,crankstrap,343,Music,218,914,0,13,4,G6mkLG7gHL0
OZvAelcOHY4,elanegica,637,Comedy,104,205,3.03,0,0,ZCU7O58RKxQ
DfXAAH6ZN3A,aaandooo,694,Film,34,Animation,2.55,1449,406,IVD0849TJCxS
fYKYXumNybg,salvothasock,0,,1634,62,2.45,288,8,ZCVO558RKLH
#NAME?,Tharavol,191,Film,34,Animation,4.5,451,5,BTU7O58RKxQ
962do71Wez4,peety,367,Comedy,202,1239,4.54,2,3,jpLJpWkQQsE
q0891fGHlSk,evman44152,382,Entertainment,179,1596,4.87,74,4,9Lb2jzmLsLE
iwQBxtUL7B8,vivianyuww,517,Entertainment,529,33201,4.76,70,8,LGVU5DsezE0
s_w38Dp15rs,Glutton18,668,Entertainment,361,5932,4.81,21,13,TbsBNM6uSI4
xu1dkd2M2ns,buegrasso,506,Sports,152,77582,4.95,259,101,95Lgm7VeQ8
vzI4uX0DnXo,fcm86,507,Sports,627,40290,4.95,170,27,sNu8ekOGzZg
d2im3hBdnWY,magalino,505,Sports,114,8517,4.89,19,6,Z9pciMKE-WA
jhe9uxI_zJM,lorenzo1210,632,Sports,484,14757,4.85,44,16,KmQMfplY4cA
K3hAywhn9as,Lovejoy83,505,Sports,113,11298,5,20,0,vzI4uX0DnXo
noitpoeFLtY,ilvermont,512,Sports,112,1433,5,1,0,0cwLgvB4-XM
mq1l5HYpysw,90Diego90,624,Sports,114,3236,5,9,1,g72qIVQYM
n4_j9M-pDHM,algagna,505,Sports,114,6867,3.29,10,6,bjt1jiQzfKc
3WvlmW2fVxE,souldamn,505,Sports,114,2920,4.33,7,2,hKymnucRm8o
qeEcWoMPeCI,lorenzogiudici,636,Sports,231,2837,4.52,6,1,yrK53vAq03E
QN0-VOcH4WU,Marchino78,505,Sports,114,7296,5,25,3,yrK53vAq07S
XVDznwe0p-w,giorgiocollegno,507,Sports,114,1349,5,2,0,LB4rxmsZV6k
Min112O1pRA,Davidozzo67,605,Sports,80,1950,4.53,8,8,Imwg6q-eLF0
4pGEeGLJs6Y,ottantuno,511,Sports,431,37465,4.68,60,46,kDONvfdcBT4
z2k2lGIjJII,Tiberio1982,512,Sports,222,10426,0,41,16,qeEcWoMPeCI
FYR5DD4Q90U,MICHELEROMANINI,596,Entertainment,26,530,5,0,0,d2im3hBdnWY
Oelej-Vw1Ac,paiolaste,621,Sports,37,865,4.67,2,0,JzqumbhfxRo
w2BBb2Ym1vw,ropulos,507,Sports,28,5109,4.98,12,13,Bwzttm50Db0
8EyU-HLAPhk,giosco,505,Sports,167,39785,0,54,33,8x5YeJCCutY
h8tCgrO2RP0,danielmc81,713,Sports,16,65,4.46,0,0,yrK53vAq03E
JyU3mJAr-Tc,AGStudios,451,Music,218,10535,4.79,35,25,jfFNA38bv78
jfFNA38bv78,hungerartists,624,Entertainment,120,5757,4.83,14,11,JIy3mJ9ErAc
RojBCLlrZBo,hungerartists,655,Entertainment,115,7332,3.08,6,2,PyY9mJArBc
fkPKXkloTX4,ass3aol,628,People,34,5327,5,1685,392,JxU3mJArJc
7hOyO2KVd_I,manoplaman,375,Entertainment,20,4073,4.4,15,15,Jy87uJAr6Kc
xlxmwvWekZA,vivalareason,597,Film,34,2631,4.85,27244,474,JyU3mJArTc
_uE7KlbWEQc,imrational,726,Comedy,71,2455,4.25,39,42,JyU3mJArYc
fD0n-eXUH4g,gonff,649,Gadgets,34,6348,4.17,712,347,JyU3mJArIc
TlZ-ktadTTI,therevfincham,567,Howto,34,1834,3.22,2287,495,JyU3mJAr-Zc
ePRlxk1jsvk,henderob,560,Comedy,21,4501,4.5,9,5,vhbByP2fgjQ
SOi0KK-E8zs,FrozenWisdom,667,Film,34,8127,4.9,404,5,vhbByP2fgjA
Ptkt4DT14v8,PhoenixesRose,525,News,34,1648,4.62,5325,425,NGTKsMW0ABC
vL7FcvEydqg,stevetures,454,Comedy,20,123984,4.75,297,149,NGTKsMW0UQU
Z37h1mNQQ3U,henderob,560,Comedy,94,2091,4.67,24,14,JyU3mJAr-Tc
8vzqspFxNe4,mcdcrook,412,Comedy,20,10690,4.63,30,15,vL7FcvEydqg
x2sXC0s2iqU,DayfallKat,734,News,34,8371,3.8,129,5,vL7FcvEydxt
tHLFlEUZ508,Godlesspanther,735,Comedy,58,87,5,8,7,O3q9gOkngHs
LB27nUx0SqE,MrHenshin,622,Comedy,59,736,4.73,11,4,O3q9gOknbUg
ZE3CTXuyZCM,normalphobia,642,Entertainment,27,983,5,8,3,xlxmwvWekZA
9LFg7y75SnA,tago98,692,Music,219,175,4.5,2,0,c7CiZqUrofA
r54GdVl73GA,SuperGenerous,712,Music,496,1657,4.73,15,2,GwssDXQDBf4
oUPwT4qjfGw,SuperGenerous,713,Music,432,785,5,12,0,GwssDXQDBf4
__pLbvcpgo0,SuperGenerous,713,Music,429,537,5,9,0,GwssDXQDBf4
Y57MJqqCZFU,SuperGenerous,712,Music,450,430,5,11,0,GwssDXQDBf4
QLigKnmSzu4,SuperGenerous,713,Music,359,456,5,9,0,GwssDXQDBf4
CaIS9S2dq6o,SuperGenerous,713,Music,467,319,4.8,10,0,GwssDXQDBf4
xG9sMBEWMvg,SuperGenerous,713,Music,260,425,5,10,0,GwssDXQDBf4
5k88cz8uzWo,tago98,699,Music,84,276,4.67,3,0,c7CiZqUrofA
_96dZyncGps,seesawlerner,345,Entertainment,125,3943,5,7,6,Qn3uUj-RBrg
dH8Rz1A6twk,lilhaha,548,Entertainment,219,759,5,6,5,Qn9_ZHioUeA
TXtyFlxfADk,SOCIALPESTICIDE,643,Film,34,8274,1.02,1483,4,Qn9_ZHioUeB
pPIqnnp6w3k,cliffsielofffilms,451,Music,97,2291,4.2,5,4,yZplu7KA53g
IUwTXo17wig,fuckman14,704,Music,297,395,4,2,1,0pGfKRONIL0
NnuSiH4mm6o,vivexlexlolita,373,Music,511,15797,4.86,147,40,F_jN08Gkotg
WIDXpQyqH2Q,vivexlexlolita,373,Music,476,17567,4.94,135,63,F_jN08Gkotg
paqOK6QA_OY,gregkaplan13,690,Music,492,705,5,9,5,R5QmK1xP4wU
yZplu7KA53g,cliffsielofffilms,654,Music,327,856,0,0,0,8QI8tPvr7eE
lSybrML0UHM,mlblackman01,690,Music,300,320,5,2,0,Yoh_xtAnZ-s
OwjiRkvXwjM,djkiehl,639,Travel,34,2387,3.01,56,0,Yoh_xtAnZ-s
64X0a_jBMNY,oberondeva,499,Comedy,66,4012,4.71,7,2,22jpNZqufiU
U6HWv2WtJVo,anteaus71,706,Comedy,193,1416,5,3,0,NSDOo8ObTck
s1ieYDCOpEg,dianagoh2003,456,Music,58,7825,4.62,8,2,NfBUCayjNvI
NfBUCayjNvI,Fablesim,593,Music,282,12277,4.66,44,22,HKYgJpgD1w
Ll8qXEEqNi0,generazione80s,598,Entertainment,143,2557,4.78,9,0,bH_lZBznZYg
U0_U9VFPto4,fra1977,619,Comedy,246,5147,5,15,4,t_uCgCBg0YA
xWj4iHx6EIY,groovecreature,473,Music,302,34780,4.8,85,26,PbUaatTgAJo
Wbex2usXl8k,osthyveln,623,Music,371,10201,4.87,23,19,xWj4iHx6EIY
UgNzOSe3KWc,sunseasky,637,Music,179,14800,4.9,21,17,2BKiUhxh5CU
wzuWoVpON1E,PedroHK,686,Gadgets,34,1374,2.02,7959,487,VnonDOGe2AQ
l__K_t6nVsI,osthyveln,576,Music,420,4831,4.62,13,4,VnonDOGe2AQ
8u1u3Q-G5xI,outatime77,628,Music,260,31595,4.85,85,34,SZsePyO4tVA
LwbuDYcrUOo,capoeira13,575,Sports,160,826892,4.58,3199,1479,jgQ4SsKiEd4
pr3TynkVYh4,Dazzler73,402,Music,391,59541,4.84,141,51,u2EJ2nnvrjA
PbUaatTgAJo,groovecreature,476,Music,347,13385,4.84,38,17,xWj4iHx6EIY
K7pvNyWnhL8,fsultra,470,Music,171,17421,4.81,26,24,IZR43YwWVes
W_ExP-cyRGE,bogiOne,438,Music,345,57468,4.8,226,97,pkhyXcccB5I
gyN2qB7N-hY,AshL67,529,Comedy,461,27188,4.73,67,14,Gys-cc36vBY
96Ctv8oXHLU,JeffPorcaro1954,437,Music,283,25472,4.95,84,20,5WwTf157u6w
0MJJPf6rvag,Learn2Cook,604,Entertainment,330,737,4.56,9,7,ldc4AH0AMks
4XiO9jeghcE,Learn2Cook,605,Entertainment,271,961,4.31,13,2,ldc4AH0AMks
CTh-cOiUcjs,foodwishes,718,Entertainment,332,24,3,2,0,KPuL6ck29S0
rMp1oNMUq6E,RecipesOnline,659,Entertainment,121,334,4.5,2,0,LvmxG2LqZVU
GGpI3nd03Gg,WLiving,699,Entertainment,533,101,5,1,0,XaJfhdllfGM
19bjKKu721w,dreamvisionstudio,565,Entertainment,1399,1362,3.62,8,5,xxOON1yDdx4
xxOON1yDdx4,dreamvisionstudio,570,Entertainment,632,849,4.83,6,4,19bjKKu721w
_sSHn8BftPY,Dysan8003,560,Travel,34,1245,312,698,5,19bjKKu721w
LvmxG2LqZVU,Joselite2007,651,Entertainment,426,404,3.67,3,2,Nwo2MV9ZEck
ldc4AH0AMks,titleset,654,Entertainment,552,262,0,0,0,57OloQdbRYM
w8QfcX2qZKU,OGVideo,509,People,34,5327,3.41,3136,0,57OloQdbRYM
M3DNbhAgLjw,danispies,509,Entertainment,218,2129,4.59,34,4,DERtFtCrr7Q
lWJ0Zpah688,Learn2Cook,654,Entertainment,361,562,4.33,6,5,ECZmEqHur38
Zy08TGwOttQ,Learn2Cook,674,Entertainment,375,529,4.25,12,3,hhKoIXqy3os
dgzf3XUc-BA,Learn2Cook,695,Entertainment,359,388,4.29,7,4,V6qS4WAKXvk
8eKlfiJSSfI,Learn2Cook,730,Entertainment,417,262,4.54,13,4,-6_kRAZXyu0
DERtFtCrr7Q,Learn2Cook,630,Entertainment,187,582,4.2,5,5,HbS59_GPyQU
-6_kRAZXyu0,foodwishes,730,Howto,34,531,417,173,5,qALVBG04Q_s
HbS59_GPyQU,Learn2Cook,606,Entertainment,349,967,4.44,9,5,qALVBG04Q_s
d5A2sc9w82o,chefjasoncasey,730,Entertainment,397,25,0,0,0,mgXwJNH8ZzY
R2fx7AKitlA,caracuerno,568,Comedy,63,46937,4.82,78,23,RviMDDbyD30
zX0PkkcV3A8,khronox,590,Comedy,65,20367,4.68,31,13,MKRyvQN0MWU
MKRyvQN0MWU,khronox,590,Comedy,60,15809,4.68,25,5,zX0PkkcV3A8
RviMDDbyD30,caracuerno,568,Comedy,60,61737,4.69,81,42,R2fx7AKitlA
N1E7NRf6s7k,LaAlmejaBorracha,527,Entertainment,48,132280,4.44,153,100,ukgGX8aVFRI
SXcQYDJh5ac,elblogeopuntocom,608,Comedy,64,16968,4.56,16,4,zX0PkkcV3A8
OU9KXm18tdQ,elblogeopuntocom,608,Comedy,60,13768,5,5,5,zX0PkkcV3A8
X4YMKg6vKAI,StewieGriffin83,655,Entertainment,43,2329,4.67,12,3,OiExOCBllgA
yWF04gC1PTs,SergioYAntoVideos,729,Comedy,60,53,0,0,0,xDKzJBOTAvk
TJ7TAhDg3pk,icarohelio,568,Film,34,1243,63,2246,35,xDKzJBOTAvk
xDKzJBOTAvk,SergioYAntoVideos,729,Comedy,63,52,0,0,0,yWF04gC1PTs
ukgGX8aVFRI,LaAlmejaBorracha,576,Entertainment,30,38691,4.64,42,48,N1E7NRf6s7k
ZxO0nZkjcyg,LaAlmejaBorracha,713,Entertainment,44,4276,5,13,2,N1E7NRf6s7k
O98rluodYiw,Iadal,555,Entertainment,50,18450,4.47,34,14,R2fx7AKitlA
G6N4a6l5F78,LaAlmejaBorracha,619,Entertainment,32,15890,4.58,33,4,TE1dypm-Hkw
Ym1LNnhIM5M,vittorio10,613,Comedy,8,3760,5,6,1,R2fx7AKitlA
s80DnfYMtRs,posavasos,646,Comedy,90,18348,4.78,37,11,M7oLk2mmx3g
s0Xl0lXyhuY,LaAlmejaBorracha,527,Entertainment,28,94114,4.66,113,71,N1E7NRf6s7k
tdx6sM0RNU8,LaAlmejaBorracha,640,Entertainment,31,13898,4.15,13,7,N1E7NRf6s7k
vGqfkY9WXVg,mgelafer,551,Comedy,159,38219,4.9,86,22,2ZgXx72XmoE
Rx7bU8ZXcJ0,everlastingsmile77,600,Entertainment,586,38970,4.77,153,12,-7ClGo-YgZ0
f_eVoHnlv-s,everlastingsmile77,517,Entertainment,598,25374,4.79,75,9,-7ClGo-YgZ0
_KXK1hdQgH8,everlastingsmile77,551,Entertainment,626,17251,4.8,83,15,-7ClGo-YgZ0
3_ii-lNqR-k,everlastingsmile77,628,Entertainment,641,48664,4.79,197,25,-7ClGo-YgZ0
sMiNSAxrZJs,everlastingsmile77,628,Entertainment,633,55177,4.84,186,45,-7ClGo-YgZ0
aee7djP1cx4,everlastingsmile77,523,Entertainment,565,30308,4.87,87,22,-7ClGo-YgZ0
7PNG5AD05pU,everlastingsmile77,629,Entertainment,587,41522,4.86,170,66,-7ClGo-YgZ0
gtq2f8v3wrU,everlastingsmile77,538,Entertainment,588,17916,4.78,74,20,-7ClGo-YgZ0
etyYo61cBEc,everlastingsmile77,628,Entertainment,635,43279,4.87,173,28,-7ClGo-YgZ0
q3L3dzcAmn4,everlastingsmile77,621,Entertainment,622,52515,4.77,220,37,-7ClGo-YgZ0
wPg9eOU17Q4,everlastingsmile77,614,Entertainment,615,44158,4.82,178,28,-7ClGo-YgZ0
l5Rgc79opQ8,everlastingsmile77,600,Entertainment,600,63938,4.78,159,32,-7ClGo-YgZ0
C_bZ_q0phdQ,everlastingsmile77,600,Entertainment,621,43131,4.78,144,17,-7ClGo-YgZ0
42MZ9aYRXFk,everlastingsmile77,614,Entertainment,605,42858,4.8,184,35,-7ClGo-YgZ0
n2oyJLgKz1Y,everlastingsmile77,621,Entertainment,622,43103,4.76,188,22,-7ClGo-YgZ0
6YOS2UrUOCQ,everlastingsmile77,614,Entertainment,594,42461,4.82,213,65,-7ClGo-YgZ0
s0jxK_bYuJE,everlastingsmile77,607,Entertainment,629,43497,4.77,194,30,-7ClGo-YgZ0
tKQyJHXCsWQ,cheencheen1,710,Entertainment,60,16026,3.92,12,1,YX8-00fs-rk
ZNxZkshi2uQ,arielbar,0,People,1634,289,3.96,447,45,YX8-00fs-ch
UxV0H46qscQ,senninster,685,People,34,5327,2.49,16024,475,YX8-00fs-xs
dG9z_X6xrms,AnimeOtaku2,0,LGBTQ,1634,40,2.96,425,159,ajshdu11
JEeH9stjZ30,senninster,0,LGBTQ,1634,22,4.36,464,22,ajshdu12
BP1axZJAhRQ,telenetJR,0,LGBTQ,1634,64,4.26,353,51,ajshdu13
gmsjsiQ6bTg,cheencheen1,0,LGBTQ,1634,59,3.09,405,22,ajshdu14
CJ-jW_9rCoo,hikkisuki,0,LGBTQ,1634,296,4.51,449,59,ajshdu15
ZO7h56G4q88,kiretaknife,0,LGBTQ,1634,286,4.66,467,58,yhBasi_PhIQ
D2GZ36fTwsA,bhawkjp,0,LGBTQ,1634,194,4.66,444,25,yhBasi_PhIQ
ynoAmMNNBPw,teampanties,571,Entertainment,195,14711,4.46,17,1,yhBasi_PhIQ
yhBasi_PhIQ,teampanties,0,Entertainment,1634,132,4.94,446,13,yhKasi_PeIQ
QcWFzwIE680,teampanties,0,Entertainment,1634,159,4.66,438,13,AfOIjMWUAdl
8vLzhzHeANk,lamaka,0,Entertainment,1634,256,4.66,459,46,AfOIjMWUAdp
EWzfzq8oFlY,kantico,694,News,34,2695,4.66,5599,3.25,AfOIjMWUAdg
27-9Wgen1Js,Htorifes,608,Entertainment,110,2695,3.2,5,2,AfOIjMWUAdf
vdR1fFMWOqA,Htorifes,608,Entertainment,123,1158,2.4,5,2,pxLpEX2bt8w
vx4jmz59a88,dadada0509,653,Entertainment,52,5551,0,0,0,oorjpAXVKGc
5Dlza9YlqFk,dadada0509,639,News,34,2823,3.5,6368,0,o8rjpKXCKGc
M-Plt9cxRJw,dadada0509,653,Entertainment,47,2823,0,0,0,E7y2lF4DyMc
YjvKQBUGc3Y,xiaojade,517,Entertainment,561,86599,4.38,104,8,KRHfMQqSHpk
GLpXJurv_hY,vivianyuww,523,Entertainment,491,51278,4.86,112,7,VqdefaDQKsg
nJ9TMziTj10,vivianyuww,517,Entertainment,493,43383,4.77,91,8,iwQBxtUL7B8
wiTFfZIJggs,xiaojade,523,Entertainment,599,41346,4.74,69,19,ZpEK2j4GR1c
vs_sNz94hKI,xiaojade,523,Entertainment,599,31688,4.82,57,5,KRHfMQqSHpk
oZOSuaG4s4U,xiaojade,523,Entertainment,599,31380,4.79,66,4,5TqLU7CLuc
VqdefaDQKsg,vivianyuww,524,Entertainment,565,40688,4.91,85,6,GLpXJurv_hY
BGMcVKAsXJ8,xiaojade,524,Entertainment,599,28869,4.54,70,12,xiiKPOO1pA
ZpEK2j4GR1c,vivianyuww,531,Entertainment,597,49118,4.86,118,13,iwQBxtUL7B8
6ZO1T8B13No,vivianyuww,524,Entertainment,591,30431,4.77,91,3,VqdefaDQKsg
x_iK_POO1pA,vivianyuww,524,Entertainment,535,29576,4.9,77,3,VqdefaDQKsg
5TqLU7-CLuc,vivianyuww,544,Entertainment,516,35495,4.94,110,3,NzVm6tfYwWc
sRr1ZTSqBJQ,vivianyuww,524,Entertainment,478,34104,4.72,93,9,VqdefaDQKsg
1d7-8Bpr68s,vivianyuww,558,Entertainment,631,30913,4.82,102,5,CZyJaMwGtug
fWjUkeo2Vjc,vivianyuww,543,Entertainment,499,28274,4.97,68,4,bOiRnPrn2us
mzEc08oTsQo,vivianyuww,552,Entertainment,562,25191,4.9,61,2,arwxVJsy9Gc
0bFdbqG-Xqg,vivianyuww,524,Entertainment,346,31324,4.93,74,10,VqdefaDQHDw
-08EbTQ7pVY,vivianyuww,524,Entertainment,365,35690,4.46,106,10,VqdefOPHertj
A6XznWxRof8,vivianyuww,524,Entertainment,226,31207,4.88,72,8,IgrsfaDQKsg
Pg_dI5Jhx80,xiaojade,587,Entertainment,599,7926,3.1,39,0,6a9Rxv1f3M
x4T24P0d-jE,nactk,532,Entertainment,369,17782,4.97,71,16,pIMpORZthYw
Id6xQQF0DaM,nactk,532,Entertainment,588,17537,4.83,104,20,pIMpORZt7yde
V1tbumo1Xmg,nactk,532,Entertainment,607,20094,4.9,99,15,oui6rRZthYw
6_rBJWwMhXI,nactk,532,Entertainment,614,21524,4.94,116,11,pIMpORZthYw
05TPu98PRww,nactk,532,Entertainment,598,20859,4.81,119,23,pORZthYwiopl
EHTSWQMBcaE,nactk,532,Entertainment,604,20091,4.89,105,19,pIMpORZthYo
rjzzymg9u28,nactk,532,Entertainment,604,23625,4.96,121,26,pIMpORZthYp
SBwMGOCxKwQ,nactk,528,Entertainment,362,17422,4.95,66,11,pIMpORZthYl
fkPb4Yulb3Y,nactk,528,Entertainment,606,17739,4.91,81,19,pIMpORZthYk
nBLWQVFuuHQ,nactk,528,Entertainment,590,18079,4.89,83,11,pIMpORZthYw
glOuJBGYqIA,nactk,528,Entertainment,602,17209,4.87,106,11,pIMpORZthYw
Hq7KHv66veg,nactk,528,Entertainment,606,19443,4.94,106,15,pIMpORZthYw
GuLDv3LHrQY,nactk,528,Entertainment,604,17832,4.83,98,13,pIMpORZthYw
GkuMYBx6h3s,nactk,528,Entertainment,601,19475,4.94,96,11,pIMpORZthYw
ehW8-6ACq1k,nactk,526,Entertainment,451,17639,4.97,97,21,pIMpORZthYw
h6644nyHoGQ,nactk,526,Entertainment,600,17328,4.89,94,27,pIMpORZthYw
rW7ujyI9KY8,nactk,526,Entertainment,593,20188,4.92,105,21,pIMpORZthYw
DLfqnukMN_o,nactk,526,Entertainment,612,21233,4.96,114,8,pIMpORZthYw
1MbaVLcaff0,nactk,526,Entertainment,609,22664,4.81,129,22,pIMpORZthYw
BclZs5joGwE,nactk,526,Entertainment,600,25517,4.87,117,20,pIMpORZthYw
Aw83os43QtA,nactk,538,Entertainment,337,50633,4.92,121,38,1tUDzOp10pd
5oVhlB0cz1Q,nactk,538,Entertainment,596,45618,4.86,162,14,1tUDzOp10pw
T8GnNDWyL4s,nactk,538,Entertainment,604,45274,4.96,120,23,1tUDzOp10pk
KD2bJ95iebQ,nactk,538,Entertainment,610,50603,4.87,188,8,1tUDzOp10py
2xj0s3sQh2Y,nactk,538,Entertainment,607,52208,4.85,178,21,1tUDzOp10pu
tTbnxXfMRec,nactk,538,Entertainment,601,46046,4.85,188,20,1tUDzOp10pi
OsbYpYrL5zc,nactk,545,Entertainment,603,27106,4.82,154,27,heqocRij5P0
Aenl1oJWSv0,sok662,618,Entertainment,593,4685,4.77,52,9,yFmCGZ8Kn48
PuCn5kAWfqA,sok662,637,Entertainment,587,3531,4.89,27,8,TjMoZej3FI4
PfdAj8jjYxA,sok662,619,Entertainment,572,3567,4.94,18,5,A7iucjAc1gI
bYEGLyn2UWQ,sok662,619,Entertainment,568,3218,4.9,21,2,846SfzDaYI4
xxOsDtPQS1A,sok662,615,Entertainment,597,785,5,10,1,Aenl1oJWSv4
jx-aQFqLpg8,sok662,615,Entertainment,531,778,4.6,10,1,Aenl1oJWSv5
mhzASYsqQ74,sok662,615,Entertainment,558,664,4.78,9,1,Aenl1oJWSv0
8ZpvPvbuR6c,sok662,661,Entertainment,510,1739,5,12,3,XSZ9d7x2NVw
iZpJ9Iy5jlk,sok662,615,Entertainment,150,569,5,5,2,Aenl1oJWSv0
2djo1WmFDgA,nactk,545,Entertainment,609,38805,4.82,159,16,heqocRij5P6
_wLsCROtAbQ,nactk,545,Entertainment,596,34588,4.62,157,13,heqocRij5P0
MrdVj_hbHm4,nactk,0,Music,1634,602,4.62,492,131,heqocRij5P1
dXBEqSmr8ho,nactk,545,Entertainment,343,31985,4.96,138,21,heqocRij5P0
#NAME?,sok662,618,Entertainment,596,4629,4.82,33,8,yFmCGZ8Kn48
rZlRLqrpVfY,sok662,616,Entertainment,585,1158,4.43,7,2,j3cfJGSRa0
0TDh338IJiM,sok662,619,Entertainment,552,3455,4.9,29,7,846SfzDaYI4
g3swbxT8Zz0,sok662,619,Entertainment,568,3051,4.73,26,8,A7iucjAc1gI
xUMR7Ssci1c,sok662,642,Entertainment,582,2596,4.83,24,7,TjMoZej3FI4
AVAU7bcCNgM,sok662,661,Entertainment,577,1571,5,12,4,XSZ9d7x2NVw
ug7jDiXxIy8,vivianyuww,517,Entertainment,599,46277,4.82,87,7,iwQBxtUL7B2
Q007Rt8okfE,vivianyuww,518,Entertainment,420,42807,4.73,77,9,iwQBxtUL7B3
bWzIFgi7KF0,vivianyuww,518,Entertainment,402,40520,4.83,78,10,iwQBxtUL7B4
wlpC8MauJJU,vivianyuww,518,Entertainment,377,38732,4.86,74,4,iwQBxtUL7B5
GV7nxm9ALeo,vivianyuww,518,Entertainment,376,35490,4.72,89,4,iwQBxtUL7B6
Oq0PcJn-cOQ,vivianyuww,518,Entertainment,357,33556,4.76,66,7,iwQBxtUL7B8
NzVm6tfYwWc,vivianyuww,544,Entertainment,549,46533,4.77,113,6,5TqLU7oCLuc
uMXxN3KNV38,vivianyuww,530,Entertainment,527,53111,4.61,114,9,iwQBxtUL7B9
bOiRnPrn2us,vivianyuww,543,Entertainment,581,31295,4.92,92,7,fWjUkeo2Vjc
arwxVJsy9Gc,vivianyuww,551,Entertainment,577,29588,4.88,78,12,sAWgJXCBFHk
p1k_Sp1dOYk,vivianyuww,558,Entertainment,503,35253,4.79,122,12,1d7-8Bpr68s
nOHMLE1z24o,vivianyuww,518,Entertainment,475,37627,4.84,77,4,iwQBxtUL7B4
QAxLRzqOTcs,vivianyuww,531,Entertainment,549,44544,4.79,112,4,iwQBxtUL7B8
dH5FJCf0jSQ,munyeng,629,Entertainment,598,67095,4.86,399,137,xiDqywcDQRM
_CxYFbjf-yg,munyeng,629,Entertainment,642,52901,4.87,330,67,xiDqywcDQRK
a5-kaWcuj4U,munyeng,629,Entertainment,624,44113,4.84,296,37,xiDqywcDQRJ
hFbzm5O8rSs,munyeng,629,Entertainment,577,44729,4.88,288,27,xiDqywcDQRH
q5ciGWyXTiM,munyeng,629,Entertainment,614,48785,4.85,300,49,xiDqywcDQRG
I5yZIfrsRvU,munyeng,629,Entertainment,597,48533,4.82,262,23,xiDqywcDQRF
xo6od3p7Ox8,munyeng,629,Entertainment,601,42126,4.85,309,38,xiDqywcDQRD
cBAAry5w36M,munyeng,629,Entertainment,604,41295,4.84,282,51,xiDqywcDQRS
1t3bmzd8jAI,munyeng,629,Entertainment,228,50000,4.84,230,102,xiDqywcDQRA
aoiIBCZBlgs,munyeng,624,Entertainment,20,8341,4.75,40,9,kmkLpchk
XMNC9wfjz7I,munyeng,539,Entertainment,488,25244,4.82,73,15,ilCsJtZgU7Q
Ls-BBjYdu1Q,munyeng,615,Entertainment,141,9896,4.62,40,10,ojuNbjgj4cA
UFnYunnW8zM,munyeng,544,Entertainment,617,22959,4.78,117,15,IctNw3XUfSY
8RPJtUv1p2Q,munyeng,607,Entertainment,558,209765,4.33,360,107,T9HpbAgObJk
BzW74Pvq-IY,munyeng,600,Entertainment,616,60668,4.79,258,52,T9HpbAgObad
cLv08dssTvA,munyeng,614,Entertainment,621,48368,4.73,267,43,xnkHL98UcD0
xAMyaGhC-c0,munyeng,593,Entertainment,626,42062,4.77,262,46,37WRGDlOwO4
xnkHL98UcD0,munyeng,615,Entertainment,626,50471,4.76,267,20,BUKo7pYWRA
AUETdZAdABw,munyeng,587,Entertainment,608,43364,4.39,276,23,OW9UZBLpk
zhtmg3LXWeI,munyeng,579,Entertainment,495,46479,4.17,316,27,aYPNjnXgfrA
FIp0pNbGlwY,everlastingsmile77,621,Entertainment,629,39826,4.79,219,25,7ClGoYgZ0
60f6z_DWhBs,periurban,577,Music,128,3649,3.57,201,91,3nfSKdodq98
k7_fEazJQpA,periurban,579,Music,162,2666,3.59,245,62,uIffsDHkM
XKI2J8ecimk,periurban,613,Music,238,1348,4.53,73,43,AJyB7Hzz3fI
_NwCteJyUPg,1key2chaos,601,Music,80,151,5,5,0,3nfSKdodq98
tBUsm2RbkV4,PrinceRadix,607,Music,261,294,4.09,11,6,Eq4hGkIqBGw
sSmTN3h_9-s,periurban,609,Music,296,1299,4.54,41,26,rxka5v0EX8Y
As-LD2PXzKE,periurban,679,Music,85,1257,4.47,59,46,qvcXxT3l61c
G6_f9bo4bog,periurban,582,Music,154,2038,3.94,111,79,Be8lVn1RDeQ
3nfSKdodq98,periurban,600,Music,174,1774,4.5,106,65,NwCteJyUPg
4GmXCECmjiU,periurban,677,Music,129,805,4.43,51,44,220rRTQ6jpI
higva81ywSw,periurban,601,Music,264,1799,4.49,57,30,KJkSCrm6vOQ
c7i2-yzljRo,cireyelneh,577,Music,148,204,4.2,5,3,60f6zDWhBs
ZKG6O50TRTU,periurban,585,Music,215,1180,3.9,137,47,eGQIrHWk5YU
h944I8xXmqc,orbvious,584,People,34,5327,3.9,3526,418,zdaGcEEzAr1
P4SZhumbv0s,Emulatorll,435,Music,207,95965,4.87,331,109,zdaGcEEzAr0
kztnQg4T3i0,eyesofrock,370,Music,241,110364,4.89,340,99,G1q56ZDiXl8
8BDQ6mQzOKQ,AnacondaF1,584,Music,226,55847,4.89,265,84,jIIh0iK9lck
qgoJn5SUa_4,lelliesandremains,340,Music,226,21052,4.64,66,31,z0x-zlChbvI
zsPuRPg-maI,JUANJI100,408,Music,306,152225,4.91,474,72,5iRX5hGinOU
fQR2zias9ek,indiechris,486,Music,224,53802,4.83,172,55,qXQytTxf8bY
674PtHca8Kg,frousstax,460,Music,188,12736,4.89,44,8,EPpx4fta0Ro
qdcOXqFHuR0,toxikneedle,473,Music,264,32586,4.86,187,78,H8SRMIx5cHc
6aumejrcEHs,nodog93,439,Music,270,34938,4.73,119,47,hXJid1634jBI
m8cJHRSBXSY,tetragrammatonx,423,Comedy,232,10243,4.71,35,4,KQNXRmhp3I
ORbIqKM-Wkc,periurban,584,People,34,5327,3.56,4744,398,KQNXRmhp5I
j2uwoUGbRY8,kenrg,587,People,34,5327,4.51,8305,896,KQNXRmhp4I
TeGGfjqQASk,periurban,587,People,34,5327,4.21,1744,342,hXJid1631jBI
XCpe8Z5bi74,LizBizToo,588,People,34,5327,4.71,555,379,hXJid1634jBI
G0KPorRyxzA,paulnewson,590,People,34,5327,4.71,791,316,hXJid1632jBI
BfmbPtL0iMg,MadMustard,595,People,34,5327,4.71,1220,427,KDNXRnhp4I
xd1BK7eHtmE,kenrg,598,People,34,5327,4.71,663,416,cQvXcIhKBuF
II6sc3fWMmw,periurban,715,News,34,2443,4.71,1211,453,cQvXcIhKBuY
ruljaLVwjRQ,SnappHF,710,Music,247,2443,4.5,22,27,cQvXcIhKBuS
HjmnSQ61aiY,HarHabayit,716,News,34,23389,3.07,425,5,8BzsDJtk16Q
BVjSo3lJHO8,leonyang,386,Music,238,23389,4.76,88,40,8BzsDJtk15Q
aSggUiK82tk,leonyang,386,Music,316,15481,4.55,60,34,HdfuoDV3Q
Y7g3XeZ846U,leonyang,386,Music,264,13038,4.7,60,22,HdfuoDV2Q
BGdZYMWo_DU,leonyang,445,Entertainment,272,12277,4.7,46,14,HdfuoDV4Q
u8IDt0NwXaI,leonyang,445,Entertainment,246,9683,4.33,18,4,HdfuoDV9Q
HdfuoDV_-3Q,leonyang,445,Entertainment,285,6244,4.61,23,9,BVjSo3lJHO8
l0SmGsij07A,cantbelieveit,732,Music,169,29,0,0,1,egFF0QB3bVA
I4cvRMKnuJY,yamamiya,485,Music,257,2089,3.83,6,1,A8OtvJDc3PE
eV7zme0jm5U,Onela,669,Film,34,2089,4.25,745,677,A8OtvJXc3PE
oSKJL8e9f_I,Onela,669,Film,34,423,4.86,532,487,aQxK00KL5gY
LekKX510iS4,ToeKneeStanger,654,Music,478,423,3,3,0,aQxK00GO5kY
y0IcB34uE9Q,WallyFranklin,729,Film,34,3511,4.32,76,5,aQxK00KL5kY
tJ9RMycOYx8,trishleilani,730,Film,34,3511,2.32,48,5,H8wrfMaaDD
d5UMimaePNM,bleedingshards,707,Gadgets,34,3511,3.31,359,5,VSZ8ZaBVjj
4b0fdETmRng,jymdavis,659,Music,130,3511,4.8,20,18,H8wrfMaaAA
5AT7lSwoWT0,ntrnaut,611,Music,237,766,4.67,3,3,QgOcyPZiI
xP1Zd0ON0xw,skorpion2oo6,730,Music,225,515,3.6,5,2,sUDPVNPvqI
5bq8c4erZng,DamnRandall,448,Music,326,11794,2.93,15,3,VLmhMI1B3jo
VSZ8ZaB_Qoo,mrgreengenes2,630,Music,211,314,4.24,0,2,9noXwQdRAoI
9noXwQdRAoI,mrgreengenes2,630,Music,244,406,4.71,1,3,VSZ8ZaBQoo
dhuk4jJLXTw,HappyMeliProject,632,Pets,34,329,4.34,409,2,VSZ8ZaBQab
4EgA8ElrifE,StephenORegan,562,Music,209,329,4.91,1,0,1OuXCk2xI
EVriNUYRm8M,phuc1412,657,Music,251,1204,4.81,11,9,8mNeeLqFJXY
ngmG_H6ZhcU,Telcontar,650,Gadgets,34,1204,4.85,4094,484,8mNeeLqKl
5dqVmZb_pL8,cdizzle665,687,Music,111,1204,4.65,4,8,5WH1HYY5JET
Fo8mRwlOL4E,animegl,671,Film,34,8284,4.85,147,5,5WH1HYY5MEU
6SpgAIYcbiA,tristencitrine,638,Music,246,8284,4.85,13,2,ek7LumLt1EE
jbcM17_9i-0,MISSxSILENTxHILL,566,Music,294,847,5,19,9,3XKeoEMLDLM
jiqqbihfXPo,lovexunderOATH,546,Music,185,2684,5,9,10,YGHOU2UVqzI
w1oZMBQTYrg,razirunner,657,Entertainment,266,3923,4.48,23,17,adxGa3IFOnw
IduCbK76Buc,jesurokun,337,Entertainment,172,14602,4.85,85,18,ix1U0CeU4As
j_dJ_YpY0YU,BigThaw,708,Music,134,68,5,1,2,Y0nUnSQng8k
trOkxKv5FuI,chapsbryan,729,Music,311,425,4.33,6,4,e3KGg6bnvs
9CqNufrbXDY,SteppingWolf,646,Gadgets,34,10334,4.33,482,0,e3KGg6bngh
kCpSAudv6mk,metallicafx,460,Music,478,10334,4.87,95,35,VzEDfmCsW6Y
QL7QCdfrz-c,mbradfordgago,532,Music,245,1860,3.91,11,7,5cpSv2mNhhc
JxH_x7XqBTw,OhMaggieMae,665,Music,266,457,5,2,14,U2qNWSQoMw4
LaiJpXzJ8uw,6silent6kill6,581,Music,168,514,4.2,6,3,aWyGUAx2dro
CXQO9ypnou0,MHarris1920,606,People,34,5327,4.5,1069118,462,asdb116ud6r
pY9692fv2HM,atunga,608,People,34,5327,5,5222,386,opdi4esb117
8R9RXtgUVNQ,causten,607,People,34,5327,5,45428,415,okpe56ydfop
s99k1_-jQmY,jonloovox,607,People,34,5327,5,12049,43,asdb119
3hMMiKMkog8,pulman84,610,People,34,5327,5,2718,4,asdb120
30pID71PTCQ,crossmack,610,People,34,5327,5,3551,404,asdb121
TiVpUYBwk5g,rp1000,608,People,34,5327,5,3399,32,asdb122
lweP66pmCJo,masterCm,550,Film,34,5327,5,63878,443,asdb123
d3ZfGc758M0,RileyJM,0,music,216,40069,5,203,90,asdb124